{"cameraMode":{"drawMode":0,"name":"Shaded","section":"Shading Mode"},"sceneLighting":false,"audioPlay":false,"sceneViewState":{"showFog":true,"showMaterialUpdate":false,"showSkybox":false,"showFlares":true,"showImageEffects":true,"showParticleSystems":true},"in2DMode":false,"pivot":{"x":-16.270000457763673,"y":8.430000305175782,"z":-18.360000610351564},"rotation":{"x":-0.12915152311325074,"y":-0.12194573134183884,"z":0.016005266457796098,"w":-0.9839704036712647},"size":30.01693344116211,"orthographic":false}