{"cameraMode":{"drawMode":0,"name":"Shaded","section":"Shading Mode"},"sceneLighting":false,"audioPlay":false,"sceneViewState":{"showFog":true,"showMaterialUpdate":false,"showSkybox":false,"showFlares":true,"showImageEffects":true,"showParticleSystems":true},"in2DMode":false,"pivot":{"x":9.279999732971192,"y":8.420000076293946,"z":-34.15999984741211},"rotation":{"x":-0.12915152311325074,"y":-0.12194573134183884,"z":0.016005266457796098,"w":-0.9839704036712647},"size":30.33356285095215,"orthographic":false}