{"cameraMode":{"drawMode":0,"name":"Shaded","section":"Shading Mode"},"sceneLighting":true,"audioPlay":false,"sceneViewState":{"showFog":true,"showMaterialUpdate":false,"showSkybox":true,"showFlares":true,"showImageEffects":true,"showParticleSystems":true},"in2DMode":false,"pivot":{"x":-0.7158994078636169,"y":33.800559997558597,"z":-9.655391693115235},"rotation":{"x":-0.34265080094337466,"y":-0.1878691017627716,"z":0.07013782858848572,"w":-0.9178122878074646},"size":620.4063720703125,"orthographic":false}