{"cameraMode":{"drawMode":0,"name":"Shaded","section":"Shading Mode"},"sceneLighting":false,"audioPlay":false,"sceneViewState":{"showFog":true,"showMaterialUpdate":false,"showSkybox":false,"showFlares":true,"showImageEffects":true,"showParticleSystems":true},"in2DMode":false,"pivot":{"x":-5.4095458984375,"y":9.449999809265137,"z":-33.36431884765625},"rotation":{"x":-0.12915152311325074,"y":-0.12194573134183884,"z":0.016005266457796098,"w":-0.9839704036712647},"size":25.247802734375,"orthographic":false}